test Param,0
test Param,0
test Param,0
test Param,0
test Param,0
test Param,0
test Param,0
test Param,0
test Param,0
test Param,0
test Param,0
test Param,0
test Param,0
test Param,0
test Param,0
test Param,0
test Param,0
test Param,0
test Param,0
test Param,0
test Param,0
test Param,0
test Param,0
test Param,0
test Param,0
test Param,0
test Param,0
test Param,0
test Param,0
test Param,0
test Param,0
test Param,0
test Param,0
test Param,0
test Param,0
test Param,0
test Param,0
test Param,0
test Param,0
test Param,0
test Param,0
test Param,0
test Param,0
test Param,0
test Param,0
